company,candidate_url,ats_hint,delhi_ncr_office,domain,notes,source
NTT Data,https://careers-inc.nttdata.com/search/,successfactors,Gurugram,nttdata.com,NTT DATA Inc (formerly NTT DATA Services),research
NTT Data,https://careers.nttdata.com/global/en/search-results,phenom,Gurugram,nttdata.com,NTT DATA global,research
Becton Dickinson,https://bdx.wd1.myworkdayjobs.com/EXTERNAL_CAREER_SITE_INDIA,workday,Gurugram,bd.com,India site,research
Informatica,https://informatica.gr8people.com/jobs,html,Bengaluru,informatica.com,Gr8People after Salesforce acquisition,research
Verisk Analytics,https://careers.smartrecruiters.com/Verisk,smartrecruiters,Hyderabad,verisk.com,,research
Verisk Analytics,https://fa-ewmy-saasfaprod1.fa.ocs.oraclecloud.com/hcmUI/CandidateExperience/en/sites/CX_1/jobs,oracle_hcm,Hyderabad,verisk.com,,research
Ansys,https://careers.ansys.com/search/,successfactors,Pune,ansys.com,,research
Emerson Electric,https://hdjq.fa.us2.oraclecloud.com/hcmUI/CandidateExperience/en/sites/CX_1/jobs,oracle_hcm,Pune,emerson.com,,research
Synopsys,https://careers.synopsys.com/search-jobs,radancy,Bengaluru,synopsys.com,,research
Juniper Networks,https://ejif.fa.us6.oraclecloud.com/hcmUI/CandidateExperience/en/sites/CX_1/jobs,oracle_hcm,Bengaluru,juniper.net,HPE Juniper Networking,research
Tata Communications,https://jobs.tatacommunications.com/careerhub/explore/jobs,html,Delhi,tatacommunications.com,,research
BlackRock,https://careers.blackrock.com/search-jobs,radancy,Gurugram,blackrock.com,,research
BlackRock,https://blackrock.wd1.myworkdayjobs.com/BlackRock_Professional,workday,Gurugram,blackrock.com,,research
HSBC,https://portal.careers.hsbc.com/careers?location=India,eightfold,Gurugram,hsbc.com,Eightfold custom domain (browser lane),research
Bank of America,https://careers.bankofamerica.com/en-us/job-search/india,html,Gurugram,bankofamerica.com,,research
Western Union,https://westernunion.wd5.myworkdayjobs.com/WesternUnionJobs,workday,Pune,westernunion.com,,research
Akamai Technologies,https://fa-extu-saasfaprod1.fa.ocs.oraclecloud.com/hcmUI/CandidateExperience/en/sites/CX_1/jobs,oracle_hcm,Bengaluru,akamai.com,,research
Nomura,https://careers.nomura.com/Nomura/search/,successfactors,Mumbai,nomura.com,,research
BNY Mellon,https://eofe.fa.us2.oraclecloud.com/hcmUI/CandidateExperience/en/sites/BNY-Careers/jobs,oracle_hcm,Pune,bny.com,,research
Nutanix,https://careers.nutanix.com/en/jobs/,html,Bengaluru,nutanix.com,,research
Icertis,https://iaaviz.fa.ocs.oraclecloud.com/hcmUI/CandidateExperience/en/sites/Jobs-at-Icertis/jobs,oracle_hcm,Pune,icertis.com,,research
CommScope,https://jobs.commscope.com/search/,successfactors,Gurugram,commscope.com,,research
Coupa Software,https://jobs.lever.co/coupa,lever,Pune,coupa.com,,research
Travelport,https://ejzg.fa.us6.oraclecloud.com/hcmUI/CandidateExperience/en/sites/CX_1/jobs,oracle_hcm,Gurugram,travelport.com,,research
Concentrix,https://jobs.concentrix.com/,html,Gurugram,concentrix.com,,research
Marsh McLennan,https://careers.marsh.com/global/en/search-results,phenom,Gurugram,marsh.com,,research
Tech Mahindra,https://careers.smartrecruiters.com/TechMahindraLtd1,smartrecruiters,Noida,techmahindra.com,,research
Standard Chartered,https://jobs.standardchartered.com/search/,successfactors,Bengaluru,sc.com,SF Unify,research
EXL Service,https://fa-ewjt-saasfaprod1.fa.ocs.oraclecloud.com/hcmUI/CandidateExperience/en/sites/CX_2/jobs,oracle_hcm,Noida,exlservice.com,,research
Verint Systems,https://fa-epcb-saasfaprod1.fa.ocs.oraclecloud.com/hcmUI/CandidateExperience/en/sites/CX/jobs,oracle_hcm,Bengaluru,verint.com,,research
Temenos,https://temenos.wd103.myworkdayjobs.com/Temenoscareers,workday,Bengaluru,temenos.com,,research
Fortinet,https://careers.fortinet.com/global/en/search-results,phenom,Bengaluru,fortinet.com,,research
Mphasis,https://careers.mphasis.com/jobs.html,html,Bengaluru,mphasis.com,,research
Postman,https://www.postman.com/company/careers/open-positions/,html,Bengaluru,postman.com,,research
Hexagon AB,https://hexagon.com/careers,html,Hyderabad,hexagon.com,,research
Unisys,https://careers.unisys.com/global/en/search-results,phenom,Bengaluru,unisys.com,,research
Conduent,https://careers.conduent.com/us/en/search-results,phenom,Noida,conduent.com,,research
Fareye,https://fareye.com/careers,html,Noida,fareye.com,,research
GE HealthCare,https://careers.gehealthcare.com/global/en/search-results,phenom,Bengaluru,gehealthcare.com,,research
Macquarie Group,https://www.macquarie.com/careers.html,html,Gurugram,macquarie.com,,research
Qualcomm,https://careers.qualcomm.com/careers,eightfold,Hyderabad,qualcomm.com,Eightfold custom domain (browser lane),research
Moody's Analytics,https://careers.moodys.com/,html,Gurugram,moodys.com,,research
MSCI,https://careers.msci.com/,html,Mumbai,msci.com,,research
Bloomberg LP,https://bloomberg.avature.net/careers/SearchJobs,html,Mumbai,bloomberg.com,Avature,research
Fiserv,https://fiserv.wd5.myworkdayjobs.com/EXT,workday,Noida,fiserv.com,,research
NICE Systems,https://boards.greenhouse.io/nice,greenhouse,Pune,nice.com,,research
Qualtrics,https://boards.greenhouse.io/qualtrics,greenhouse,Gurugram,qualtrics.com,,research
RingCentral,https://ringcentral.wd1.myworkdayjobs.com/RingCentral_Careers,workday,Bengaluru,ringcentral.com,,research
Snowflake,https://careers.snowflake.com/us/en/search-results,phenom,Pune,snowflake.com,Phenom,research
DocuSign,https://careers.docusign.com/careers-home/jobs,html,Bengaluru,docusign.com,,research
Nokia,https://fa-evmr-saasfaprod1.fa.ocs.oraclecloud.com/hcmUI/CandidateExperience/en/sites/CX_1/jobs,oracle_hcm,Gurugram,nokia.com,,research
Sabre Corporation,https://sabre.wd1.myworkdayjobs.com/SabreJobs,workday,Bengaluru,sabre.com,,research
Warner Bros. Discovery,https://careers.wbd.com/global/en/search-results,phenom,Hyderabad,wbd.com,Phenom,research
OpenText,https://careers.opentext.com/us/en/search-results,phenom,Bengaluru,opentext.com,Phenom,research
Box Inc,https://boards.greenhouse.io/boxinc,greenhouse,,box.com,,research
Zuora,https://boards.greenhouse.io/zuora,greenhouse,Chennai,zuora.com,,research
American Express,https://careers.americanexpress.com/en/sites/CX_1/jobs,oracle_hcm,Gurugram,americanexpress.com,,research
Informatica,https://www.salesforce.com/company/careers/jobs/?search=informatica,html,Bengaluru,informatica.com,acquired by Salesforce — roles listed there,research
Grant Thornton International / Grant Thornton Bharat,https://gtssc.ripplehire.com/candidate/careers,html,Gurugram,grantthornton.in,GT INDUS on Ripplehire,research
TMF Group,https://careers.tmf-group.com/mob/en/listing/,html,Noida,tmf-group.com,PageUp,research
PageGroup,https://www.page.com/worldwide/vacancies,html,Gurugram,page.com,,research
Randstad,https://www.randstad.com/jobs/careers-at-randstad/india/,html,Delhi,randstad.com,,research
AXA / AXA XL,https://careers.axa.com/jobs,html,Gurugram,axa.com,,research
Evalueserve,https://www.evalueserve.com/in-en/jobs/,html,Gurugram,evalueserve.com,,research
CMA CGM,https://jobs.cmacgm-group.com/search/,successfactors,Gurugram,cmacgm-group.com,,research
Egis,https://jobs.egis-group.com/,html,Gurugram,egis-group.com,,research
Hapag-Lloyd,https://fa-etuy-saasfaeuraprod1.fa.ocs.oraclecloud.com/hcmUI/CandidateExperience/en/sites/CX_1/jobs,oracle_hcm,Gurugram,hapag-lloyd.com,,research
Rhenus Logistics,https://www.rhenus.group/career/jobboard/,html,Gurugram,rhenus.group,,research
MSC,https://careers.smartrecruiters.com/MSC-MediterraneanShippingCompany,smartrecruiters,Gurugram,msc.com,,research
Gleeds,https://jobs.gleeds.com/vacancies/vacancy-search-results.aspx,html,Gurugram,gleeds.com,Eploy,research
Currie & Brown,https://careers.curriebrown.com/vacancies/vacancy-search-results.aspx,html,Gurugram,curriebrown.com,Eploy,research
TÜV Rheinland,https://jobs.tuv.com/de,html,Gurugram,tuv.com,,research
Knauf,https://career.knauf.com/jobs?country=India,html,Gurugram,knauf.com,,research
Kering / Kering Eyewear,https://www.kering.com/en/talent/job-offers/,html,Delhi,kering.com,,research
SKF,https://career.skf.com/search/,successfactors,Bengaluru,skf.com,,research
Atlas Copco,https://www.atlascopcogroup.com/en/careers/jobs/job-overview,html,Pune,atlascopcogroup.com,,research
Safran,https://www.safran-group.com/jobs,html,Gurugram,safran-group.com,,research
Danone,https://talent.careers.danone.com/jobs,html,Mumbai,danone.com,,research
IKEA / Ingka,https://jobs.ikea.com/en/search-jobs,html,Gurugram,ikea.com,Radancy,research
WSP,https://india-jobs.wsp.com/wsp/,html,Noida,wsp.com,,research
AtkinsRéalis,https://careers.atkinsrealis.com/en/jobs,html,Gurugram,atkinsrealis.com,,research
Crédit Agricole,https://groupecreditagricole.jobs/en/our-offers/locations/96/,html,Gurugram,credit-agricole.com,India offers,research
WTW,https://careers.wtwco.com/,html,Gurugram,wtwco.com,,research
Kearney,https://kearney.recsolu.com/job_boards/1,html,Gurugram,kearney.com,Yello,research
Compass Group,https://compass-group.co.in/career/,html,Gurugram,compass-group.co.in,,research
Colt Technology Services,https://joblistings.colt.net/search/,successfactors,Gurugram,colt.net,,research
British Airways / IAG,https://iaggbs.wd103.myworkdayjobs.com/IAGGBS,workday,Gurugram,iairgroup.com,IAG GBS,research
British Airways / IAG,https://careers.ba.com/search-jobs,html,Gurugram,ba.com,,research
Air France-KLM,https://careers.klm.com/en/jobs/,html,Delhi,klm.com,,research
Oriflame,https://corporate.oriflame.com/work-with-us/,html,Noida,oriflame.com,,research
Egon Zehnder,https://career.egonzehnder.com/,html,Gurugram,egonzehnder.com,,research
Mott MacDonald,https://www.mottmac.com/careers/search-jobs,html,Noida,mottmac.com,,research
Tesla,https://www.tesla.com/careers/search/?country=IN,html,Gurugram,tesla.com,,research
Antal International,https://www.antal.com/jobs,html,Delhi,antal.com,,research
BDO Global / BDO India,https://www.bdo.in/en-gb/careers/current-openings,html,Gurugram,bdo.in,,research
Hyundai Motor,https://www.hyundai.com/in/en/careers/current-openings,html,Gurugram,hyundai.com,,research
Huawei,https://career.huawei.com/reccampportal/portal5/social-recruitment.html,html,Gurugram,huawei.com,,research
ZTE,https://job.zte.com.cn/cn/,html,Gurugram,zte.com.cn,,research
Orange Business,https://orange.jobs/jobs/v3/search?lang=en,html,Gurugram,orange.jobs,job search SPA,research
BT Group,https://jobs.bt.com/search/,html,Gurugram,bt.com,,research
SITA,https://careers.sita.aero/jobs,html,Delhi,sita.aero,,research
Teleperformance / TP,https://jobs.teleperformance.com/global/en/search-results,phenom,Gurugram,teleperformance.com,Phenom,research
Worldline,https://jobs.worldline.com/search/,html,Noida,worldline.com,SF career-site-builder (client-rendered) → browser lane,research
PayU / Prosus,https://careers.payu.in/PayU/search/,successfactors,Gurugram,payu.in,,research
Kantar,https://kantar.wd3.myworkdayjobs.com/KANTAR,workday,Gurugram,kantar.com,,research
Havas,https://havas.wd3.myworkdayjobs.com/MediaExternalCareerSite,workday,Gurugram,havas.com,,research
Havas,https://havas.wd3.myworkdayjobs.com/GroupExternalCareerSite,workday,Gurugram,havas.com,,research
Publicis Groupe,https://careers.publicisgroupe.com/jobs,html,Gurugram,publicisgroupe.com,iCIMS,research
GlobalData,https://careers.globaldata.com/vacancies,html,Gurugram,globaldata.com,,research
NatWest Group,https://jobs.natwestgroup.com/search/jobs,html,Gurugram,natwestgroup.com,,research
Swiss Re,https://careers.swissre.com/search/,successfactors,Bengaluru,swissre.com,,research
Aon,https://jobs.aon.com/jobs,html,Gurugram,aon.com,,research
Kuehne+Nagel,https://jobs.kuehne-nagel.com/global/en/search-results,phenom,Gurugram,kuehne-nagel.com,Phenom,research
DHL Group,https://careers.dhl.com/global/en/search-results,phenom,Gurugram,dhl.com,Phenom,research
Lufthansa Group,https://apply.lufthansagroup.careers/index.php?ac=search_result,html,Delhi,lufthansagroup.careers,,research
G4S,https://careers.g4s.com/en/search-jobs,html,Gurugram,g4s.com,Radancy,research
Ramboll,https://ramboll.wd3.myworkdayjobs.com/Experienced_Professionals,workday,Gurugram,ramboll.com,,research
Bureau Veritas,https://careers.bureauveritas.com/search/,successfactors,Noida,bureauveritas.com,,research
TÜV SÜD,https://jobs.tuvsud.com/search/,html,Gurugram,tuvsud.com,,research
Rolls-Royce Holdings,https://careers.rolls-royce.com/en/jobs,html,Bengaluru,rolls-royce.com,,research
Michelin,https://michelinhr.wd3.myworkdayjobs.com/Michelin,workday,Gurugram,michelin.com,,research
Hilti,https://careers.hilti.group/en-us/jobs/,html,Gurugram,hilti.group,,research
AkzoNobel,https://careers.akzonobel.com/search/,successfactors,Gurugram,akzonobel.com,,research
Reckitt,https://careers.reckitt.com/search/,successfactors,Gurugram,reckitt.com,,research
Haleon,https://careers.haleon.com/careers,eightfold,Gurugram,haleon.com,Eightfold custom domain (API blocked; browser lane),research
Carlsberg Group,https://careers.carlsberg.com/search/,successfactors,Gurugram,carlsberggroup.com,,research
Adidas,https://jobs.adidas-group.com/search/,successfactors,Gurugram,adidas-group.com,,research
IHG Hotels & Resorts,https://careers.ihg.com/en/search-and-apply/,html,Gurugram,ihg.com,,research
Trane Technologies,https://tranetechnologies.wd12.myworkdayjobs.com/Trane_Technologies_Careers,workday,Gurugram,tranetechnologies.com,,research
HCLTech,https://careers.hcltech.com/search/,html,Noida,hcltech.com,,research
BHP,https://careers.bhp.com/search/,successfactors,,bhp.com,,research
ANZ,https://careers.anz.com/search/,successfactors,Bengaluru,anz.com,,research
Danfoss,https://jobs.danfoss.com/search/,html,Chennai,danfoss.com,,research
Grundfos,https://jobs.grundfos.com/search/,html,Chennai,grundfos.com,,research
ISS A/S,https://jobs.issworld.com/search/,successfactors,Gurugram,issworld.com,,research
Atos,https://jobs.atos.net/search/,successfactors,Gurugram,atos.net,,research
Computacenter,https://jobs.computacenter.com/search/,successfactors,Bengaluru,computacenter.com,,research
Pirelli,https://jobs.pirelli.com/search/,html,Pune,pirelli.com,,research
Dachser,https://careers.dachser.com/search/,successfactors,Gurugram,dachser.com,,research
Radisson Hotel Group,https://careers.radissonhotels.com/search/,html,Gurugram,radissonhotels.com,SuccessFactors behind Akamai (403 to httpx),research
L'Oréal,https://careers.loreal.com/search/,html,Mumbai,loreal.com,SuccessFactors behind Akamai (403 to httpx),research
SYSTRA,https://jobs.systra.com/search/,html,Noida,systra.com,SuccessFactors behind Akamai (403 to httpx),research
CEVA Logistics,https://careers.cevalogistics.com/search/,html,Gurugram,cevalogistics.com,SuccessFactors behind Akamai (403 to httpx),research
Hellmann Worldwide Logistics,https://careers.hellmann.com/search/,html,Gurugram,hellmann.com,SuccessFactors behind Akamai (403 to httpx),research
Cargill,https://careers.cargill.com/en/search-results,phenom,Gurugram,cargill.com,Phenom,research
Hyatt,https://careers.hyatt.com/en-US/careers/SearchJobs,html,Delhi,hyatt.com,Avature,research
CBRE,https://careers.cbre.com/en_US/careers/SearchJobs,html,Gurugram,cbre.com,Avature,research
Cushman & Wakefield,https://careers.cushmanwakefield.com/global/en/search-results,phenom,Gurugram,cushmanwakefield.com,Phenom,research
Signify,https://lighting.wd3.myworkdayjobs.com/jobs-and-careers,workday,Gurugram,signify.com,,research
Pernod Ricard,https://pernodricard.wd3.myworkdayjobs.com/pernod-ricard,workday,Gurugram,pernod-ricard.com,,research
Unilever / HUL,https://unilever.wd3.myworkdayjobs.com/Unilever_Experienced_Professionals,workday,Mumbai,unilever.com,,research
Sandvik,https://sandvik.wd3.myworkdayjobs.com/sandvik-jobs,workday,Pune,sandvik.com,,research
KONE,https://kone.wd3.myworkdayjobs.com/Careers,workday,Chennai,kone.com,,research
Wärtsilä,https://careers.wartsila.com/search/,successfactors,Navi Mumbai,wartsila.com,,research
Vestas,https://careers.vestas.com/search/,successfactors,Chennai,vestas.com,,research
Bayer,https://jobs.bayer.com/search/,successfactors,Thane,bayer.com,,research
LEGO Group,https://lego.wd103.myworkdayjobs.com/LEGO_External,workday,,lego.com,,research
Knight Frank,https://knightfrank.wd103.myworkdayjobs.com/KF,workday,Gurugram,knightfrank.com,,research
Fidelity International,https://fil.wd3.myworkdayjobs.com/001,workday,Gurugram,fidelityinternational.com,,research
Cushman & Wakefield,https://cw.wd1.myworkdayjobs.com/External,workday,Gurugram,cushmanwakefield.com,,research
DSV,https://jobs.dsv.com/search/,successfactors,Gurugram,dsv.com,,research
IDEMIA,https://careers.idemia.com/search/,successfactors,Noida,idemia.com,,research
Air India,https://careers.airindia.com/search/,successfactors,Gurugram,airindia.com,,research
Ipsos,https://ecqf.fa.em2.oraclecloud.com/hcmUI/CandidateExperience/en/sites/IpsosCareers/jobs,oracle_hcm,Gurugram,ipsos.com,,research
Intertek,https://hcog.fa.em2.oraclecloud.com/hcmUI/CandidateExperience/en/sites/CX_2001/jobs,oracle_hcm,Gurugram,intertek.com,,research
DP World,https://ehpv.fa.em2.oraclecloud.com/hcmUI/CandidateExperience/en/sites/CX_1/jobs,oracle_hcm,Gurugram,dpworld.com,,research
Orange Business,https://orange.jobs/jobs/offers.do,,Gurugram,orange.jobs,,knowledge
BT Group,https://jobs.bt.com/search-jobs,,Gurugram,bt.com,,knowledge
IDEMIA,https://idemia.wd3.myworkdayjobs.com/IDEMIA_Careers,workday,Noida,idemia.com,,knowledge
IDEMIA,https://jobs.smartrecruiters.com/IDEMIA,smartrecruiters,Noida,idemia.com,,knowledge
SITA,https://sita.wd3.myworkdayjobs.com/SITA_Careers,workday,Delhi,sita.aero,,knowledge
SITA,https://www.sita.aero/careers/,,Delhi,sita.aero,,knowledge
Teleperformance / TP,https://jobs.teleperformance.com/global/en/search-results,,Gurugram,teleperformance.com,Phenom,knowledge
Worldline,https://jobs.worldline.com/search/,successfactors,Noida,worldline.com,,knowledge
PayU / Prosus,https://jobs.lever.co/payu,lever,Gurugram,payu.in,,knowledge
RELX / Elsevier,https://relx.wd3.myworkdayjobs.com/relx,workday,Gurugram,relx.com,,knowledge
RELX / Elsevier,https://elsevier.wd3.myworkdayjobs.com/ElsevierJobs,workday,Gurugram,elsevier.com,,knowledge
Grant Thornton International / Grant Thornton Bharat,https://www.grantthornton.in/careers/,,Gurugram,grantthornton.in,,knowledge
BDO Global / BDO India,https://www.bdo.in/en-gb/careers,,Gurugram,bdo.in,,knowledge
Forvis Mazars,https://jobs.smartrecruiters.com/ForvisMazars,smartrecruiters,Gurugram,forvismazars.com,,knowledge
Forvis Mazars,https://www.forvismazars.com/in/en/careers,,Gurugram,forvismazars.com,,knowledge
RSM International / RSM India,https://www.rsm.global/india/careers,,Gurugram,rsm.global,,knowledge
TMF Group,https://jobs.tmf-group.com/,,Noida,tmf-group.com,,knowledge
Kantar,https://kantar.wd3.myworkdayjobs.com/Kantar_Careers,workday,Gurugram,kantar.com,,knowledge
Ipsos,https://jobs.smartrecruiters.com/Ipsos,smartrecruiters,Gurugram,ipsos.com,,knowledge
Ipsos,https://www.ipsos.com/en/careers,,Gurugram,ipsos.com,,knowledge
Havas,https://www.havas.com/careers/,,Gurugram,havas.com,,knowledge
Publicis Groupe,https://www.publicisgroupe.com/en/careers,,Gurugram,publicisgroupe.com,,knowledge
WPP,https://wpp.wd3.myworkdayjobs.com/WPP,workday,Gurugram,wpp.com,,knowledge
WPP,https://www.wpp.com/en/careers,,Gurugram,wpp.com,,knowledge
GlobalData,https://www.globaldata.com/careers/,,Gurugram,globaldata.com,,knowledge
Bertelsmann,https://createyourowncareer.com/,,Gurugram,bertelsmann.com,,knowledge
Antal International,https://www.antal.com/careers,,Delhi,antal.com,,knowledge
PageGroup,https://careers.page.com/,,Gurugram,page.com,,knowledge
Randstad,https://www.randstad.com/careers/,,Delhi,randstad.com,,knowledge
Adecco Group,https://careers.adeccogroup.com/,,Gurugram,adeccogroup.com,,knowledge
Egon Zehnder,https://www.egonzehnder.com/careers,,Gurugram,egonzehnder.com,,knowledge
NatWest Group,https://jobs.natwestgroup.com/,,Gurugram,natwestgroup.com,,knowledge
Swiss Re,https://swissre.wd3.myworkdayjobs.com/External,workday,Bengaluru,swissre.com,,knowledge
Swiss Re,https://careers.swissre.com/,,Bengaluru,swissre.com,,knowledge
AXA / AXA XL,https://axa.wd3.myworkdayjobs.com/axa,workday,Gurugram,axa.com,,knowledge
AXA / AXA XL,https://axaxl.wd3.myworkdayjobs.com/AXA_XL,workday,Gurugram,axaxl.com,,knowledge
Aviva,https://aviva.wd1.myworkdayjobs.com/External,workday,Gurugram,aviva.com,,knowledge
Aon,https://aon.wd1.myworkdayjobs.com/aon_careers,workday,Gurugram,aon.com,,knowledge
Aon,https://jobs.aon.com/,,Gurugram,aon.com,,knowledge
WTW,https://wtw.wd1.myworkdayjobs.com/WTW_Careers,workday,Gurugram,wtwco.com,,knowledge
WTW,https://careers.wtwco.com/,,Gurugram,wtwco.com,,knowledge
Howden Group,https://www.howdengroup.com/careers,,Gurugram,howdengroup.com,,knowledge
Fidelity International,https://fil.wd3.myworkdayjobs.com/FIL_Careers,workday,Gurugram,fidelityinternational.com,,knowledge
Fidelity International,https://careers.fidelityinternational.com/,,Gurugram,fidelityinternational.com,,knowledge
Evalueserve,https://www.evalueserve.com/careers/,,Gurugram,evalueserve.com,,knowledge
Acuity Knowledge Partners,https://www.acuitykp.com/careers/,,Gurugram,acuitykp.com,,knowledge
A.P. Moller–Maersk,https://maersk.wd3.myworkdayjobs.com/Maersk_Careers,workday,Gurugram,maersk.com,,knowledge
A.P. Moller–Maersk,https://www.maersk.com/careers/vacancies,,Gurugram,maersk.com,,knowledge
DSV,https://dsv.wd3.myworkdayjobs.com/DSV_Careers,workday,Gurugram,dsv.com,,knowledge
DSV,https://www.dsv.com/en/careers,,Gurugram,dsv.com,,knowledge
Kuehne+Nagel,https://jobs.kuehne-nagel.com/global/en/search-results,,Gurugram,kuehne-nagel.com,Phenom,knowledge
DHL Group,https://careers.dhl.com/global/en/search-results,,Gurugram,dhl.com,Phenom,knowledge
CMA CGM,https://www.cma-cgm.com/careers,,Gurugram,cma-cgm.com,,knowledge
CEVA Logistics,https://www.cevalogistics.com/en/careers,,Gurugram,cevalogistics.com,,knowledge
GEODIS,https://geodis.com/careers,,Gurugram,geodis.com,,knowledge
Hapag-Lloyd,https://www.hapag-lloyd.com/en/company/career.html,,Gurugram,hapag-lloyd.com,,knowledge
Rhenus Logistics,https://www.rhenus.group/careers/,,Gurugram,rhenus.group,,knowledge
Hellmann Worldwide Logistics,https://www.hellmann.com/en/careers,,Gurugram,hellmann.com,,knowledge
Lufthansa Group,https://careers.lufthansagroup.com/,,Delhi,lufthansagroup.com,,knowledge
Savills,https://www.savills.com/careers/,,Gurugram,savills.com,,knowledge
Knight Frank,https://www.knightfrank.com/careers,,Gurugram,knightfrank.com,,knowledge
Mace,https://mace.wd3.myworkdayjobs.com/Mace_Careers,workday,Gurugram,macegroup.com,,knowledge
Mace,https://www.macegroup.com/careers,,Gurugram,macegroup.com,,knowledge
Turner & Townsend,https://turnerandtownsend.wd3.myworkdayjobs.com/TT_Careers,workday,Gurugram,turnerandtownsend.com,,knowledge
Turner & Townsend,https://www.turnerandtownsend.com/en/careers/,,Gurugram,turnerandtownsend.com,,knowledge
Gleeds,https://www.gleeds.com/careers/,,Gurugram,gleeds.com,,knowledge
Currie & Brown,https://www.curriebrown.com/en/careers,,Gurugram,curriebrown.com,,knowledge
Sodexo,https://careers.sodexo.com/search/,successfactors,Gurugram,sodexo.com,,knowledge
Rentokil Initial,https://careers.rentokil-initial.com/,,Gurugram,rentokil-initial.com,,knowledge
Securitas,https://www.securitas.com/careers/,,Gurugram,securitas.com,,knowledge
G4S,https://careers.g4s.com/,,Gurugram,g4s.com,,knowledge
Ramboll,https://ramboll.wd3.myworkdayjobs.com/Ramboll_Careers,workday,Gurugram,ramboll.com,,knowledge
Ramboll,https://www.ramboll.com/careers,,Gurugram,ramboll.com,,knowledge
Egis,https://www.egis-group.com/careers,,Gurugram,egis-group.com,,knowledge
Mott MacDonald,https://mottmac.wd3.myworkdayjobs.com/MottMacDonald,workday,Noida,mottmac.com,,knowledge
Mott MacDonald,https://www.mottmac.com/careers,,Noida,mottmac.com,,knowledge
Bureau Veritas,https://careers.bureauveritas.com/,,Noida,bureauveritas.com,,knowledge
SGS,https://careers.sgs.com/search/,successfactors,Gurugram,sgs.com,,knowledge
Intertek,https://intertek.wd3.myworkdayjobs.com/Intertek,workday,Gurugram,intertek.com,,knowledge
Intertek,https://www.intertek.com/careers/,,Gurugram,intertek.com,,knowledge
TÜV SÜD,https://jobs.tuvsud.com/search/,successfactors,Gurugram,tuvsud.com,,knowledge
TÜV Rheinland,https://www.tuv.com/india/en/careers/,,Gurugram,tuv.com,,knowledge
Signify,https://signify.wd3.myworkdayjobs.com/Signify_Careers,workday,Gurugram,signify.com,,knowledge
Signify,https://www.careers.signify.com/,,Gurugram,signify.com,,knowledge
BMW Group,https://www.bmwgroup.jobs/en.html,,Gurugram,bmwgroup.com,,knowledge
Volvo Cars,https://volvocars.wd3.myworkdayjobs.com/Volvo_Cars,workday,Bengaluru,volvocars.com,,knowledge
Volvo Cars,https://jobs.volvocars.com/,,Bengaluru,volvocars.com,,knowledge
Rolls-Royce Holdings,https://rollsroyce.wd3.myworkdayjobs.com/Rolls-Royce_Careers,workday,Bengaluru,rolls-royce.com,,knowledge
Rolls-Royce Holdings,https://careers.rolls-royce.com/,,Bengaluru,rolls-royce.com,,knowledge
Michelin,https://jobs.michelin.com/,,Gurugram,michelin.com,,knowledge
Hilti,https://careers.hilti.group/,,Gurugram,hilti.group,,knowledge
Knauf,https://www.knauf.com/en/careers,,Gurugram,knauf.com,,knowledge
AkzoNobel,https://akzonobel.wd3.myworkdayjobs.com/AkzoNobel_Careers,workday,Gurugram,akzonobel.com,,knowledge
AkzoNobel,https://www.akzonobel.com/en/careers,,Gurugram,akzonobel.com,,knowledge
Nestlé,https://jobdetails.nestle.com/search/,successfactors,Gurugram,nestle.com,,knowledge
Nestlé,https://www.nestle.com/jobs/search-jobs,,Gurugram,nestle.com,,knowledge
Reckitt,https://reckitt.wd3.myworkdayjobs.com/Reckitt_Careers,workday,Gurugram,reckitt.com,,knowledge
Reckitt,https://www.reckitt.com/careers/,,Gurugram,reckitt.com,,knowledge
Haleon,https://haleon.wd3.myworkdayjobs.com/Haleon,workday,Gurugram,haleon.com,,knowledge
Haleon,https://www.haleon.com/careers,,Gurugram,haleon.com,,knowledge
Pernod Ricard,https://jobs.smartrecruiters.com/PernodRicard,smartrecruiters,Gurugram,pernod-ricard.com,,knowledge
Pernod Ricard,https://www.pernod-ricard.com/en/careers,,Gurugram,pernod-ricard.com,,knowledge
Carlsberg Group,https://careers.carlsberggroup.com/search/,successfactors,Gurugram,carlsberggroup.com,,knowledge
Diageo,https://diageo.wd3.myworkdayjobs.com/Diageo_Careers,workday,Gurugram,diageo.com,,knowledge
Diageo,https://www.diageo.com/en/careers,,Gurugram,diageo.com,,knowledge
Adidas,https://careers.adidas-group.com/,,Gurugram,adidas-group.com,,knowledge
Kering / Kering Eyewear,https://kering.wd3.myworkdayjobs.com/Kering,workday,Delhi,kering.com,,knowledge
Kering / Kering Eyewear,https://www.kering.com/en/talent/,,Delhi,kering.com,,knowledge
Accor,https://jobs.smartrecruiters.com/AccorHotel,smartrecruiters,Delhi,accor.com,,knowledge
Accor,https://careers.accor.com/global/en/search-results,,Delhi,accor.com,,knowledge
IHG Hotels & Resorts,https://careers.ihg.com/,,Gurugram,ihg.com,,knowledge
Radisson Hotel Group,https://jobs.smartrecruiters.com/RadissonHotelGroup,smartrecruiters,Gurugram,radissonhotels.com,,knowledge
Radisson Hotel Group,https://careers.radissonhotels.com/,,Gurugram,radissonhotels.com,,knowledge
Bosch,https://jobs.smartrecruiters.com/BoschGroup,smartrecruiters,Gurugram,bosch.com,,knowledge
Cargill,https://careers.cargill.com/,,Gurugram,cargill.com,,knowledge
JLL,https://jll.wd1.myworkdayjobs.com/jllcareers,workday,Gurugram,jll.com,,knowledge
Tesla,https://www.tesla.com/careers/search/,,Gurugram,tesla.com,,knowledge
Coca-Cola,https://coke.wd1.myworkdayjobs.com/coca-cola-careers,workday,Gurugram,coca-colacompany.com,,knowledge
Coca-Cola,https://careers.coca-colacompany.com/,,Gurugram,coca-colacompany.com,,knowledge
Hines,https://hines.wd1.myworkdayjobs.com/External,workday,Gurugram,hines.com,,knowledge
Hines,https://www.hines.com/careers,,Gurugram,hines.com,,knowledge
Hyatt,https://careers.hyatt.com/,,Delhi,hyatt.com,,knowledge
Stryker,https://stryker.wd1.myworkdayjobs.com/StrykerCareers,workday,Gurugram,stryker.com,,knowledge
Stryker,https://careers.stryker.com/,,Gurugram,stryker.com,,knowledge
CBRE,https://cbre.wd1.myworkdayjobs.com/CBRE,workday,Gurugram,cbre.com,,knowledge
CBRE,https://careers.cbre.com/,,Gurugram,cbre.com,,knowledge
Cushman & Wakefield,https://cushmanwakefield.wd1.myworkdayjobs.com/CushmanWakefield,workday,Gurugram,cushmanwakefield.com,,knowledge
Cushman & Wakefield,https://careers.cushmanwakefield.com/,,Gurugram,cushmanwakefield.com,,knowledge
Kearney,https://kearney.wd1.myworkdayjobs.com/Kearney,workday,Gurugram,kearney.com,,knowledge
Kearney,https://www.kearney.com/careers,,Gurugram,kearney.com,,knowledge
Morningstar,https://morningstar.wd5.myworkdayjobs.com/Americas,workday,Navi Mumbai,morningstar.com,,knowledge
Morningstar,https://careers.morningstar.com/,,Navi Mumbai,morningstar.com,,knowledge
HCLTech,https://www.hcltech.com/careers/careers-in-india,,Noida,hcltech.com,,knowledge
Air India,https://careers.airindia.com/,,Gurugram,airindia.com,,knowledge
IndiGo,https://careers.goindigo.in/search/,html,Gurugram,goindigo.in,SuccessFactors behind Akamai (403 to httpx),knowledge
Maruti Suzuki,https://www.marutisuzuki.com/corporate/careers,,Gurugram,marutisuzuki.com,,knowledge
Hyundai Motor,https://www.hyundai.com/in/en/careers,,Gurugram,hyundai.com,,knowledge
Huawei,https://career.huawei.com/reccampportal/portal5/index.html,,Gurugram,huawei.com,,knowledge
ZTE,https://job.zte.com.cn/,,Gurugram,zte.com.cn,,knowledge
DP World,https://www.dpworld.com/careers,,Gurugram,dpworld.com,,knowledge
ANZ,https://anz.wd3.myworkdayjobs.com/ANZ_Careers,workday,Bengaluru,anz.com,,knowledge
ANZ,https://www.anz.com.au/careers/,,Bengaluru,anz.com,,knowledge
BHP,https://bhp.wd3.myworkdayjobs.com/BHP,workday,,bhp.com,,knowledge
BHP,https://careers.bhp.com/,,,bhp.com,,knowledge
Colliers,https://colliers.wd1.myworkdayjobs.com/Colliers_Careers,workday,Gurugram,colliers.com,,knowledge
Colliers,https://careers.colliers.com/,,Gurugram,colliers.com,,knowledge
WSP,https://wsp.wd3.myworkdayjobs.com/WSP,workday,Noida,wsp.com,,knowledge
WSP,https://www.wsp.com/en-gl/careers,,Noida,wsp.com,,knowledge
AtkinsRéalis,https://careers.atkinsrealis.com/,,Gurugram,atkinsrealis.com,,knowledge
Medtronic,https://medtronic.wd1.myworkdayjobs.com/MedtronicCareers,workday,Gurugram,medtronic.com,,knowledge
Medtronic,https://jobs.medtronic.com/,,Gurugram,medtronic.com,,knowledge
Johnson Controls,https://jci.wd5.myworkdayjobs.com/JCI,workday,Gurugram,johnsoncontrols.com,,knowledge
Johnson Controls,https://www.johnsoncontrols.com/careers,,Gurugram,johnsoncontrols.com,,knowledge
Trane Technologies,https://careers.tranetechnologies.com/,,Gurugram,tranetechnologies.com,,knowledge
Sopra Steria,https://www.soprasteria.com/careers,,Noida,soprasteria.com,,knowledge
Airbus,https://ag.wd3.myworkdayjobs.com/Airbus,workday,Delhi,airbus.com,,knowledge
Crédit Agricole,https://jobs.credit-agricole.com/,,Gurugram,credit-agricole.com,,knowledge
Safran,https://www.safran-group.com/jobs,,Gurugram,safran-group.com,,knowledge
Thales,https://thales.wd3.myworkdayjobs.com/Careers,workday,Noida,thalesgroup.com,,knowledge
AstraZeneca,https://astrazeneca.wd3.myworkdayjobs.com/Careers,workday,Bengaluru,astrazeneca.com,,knowledge
Novartis,https://novartis.wd3.myworkdayjobs.com/Novartis_Careers,workday,Hyderabad,novartis.com,,knowledge
Roche,https://roche.wd3.myworkdayjobs.com/roche-ext,workday,Pune,roche.com,,knowledge
BASF,https://jobs.basf.com/search/,successfactors,Navi Mumbai,basf.com,,knowledge
BASF,https://www.basf.com/global/en/careers,,Navi Mumbai,basf.com,,knowledge
Bayer,https://jobs.bayer.com/search/,successfactors,Thane,bayer.com,,knowledge
Unilever / HUL,https://careers.unilever.com/search-jobs,,Mumbai,unilever.com,,knowledge
L'Oréal,https://careers.loreal.com/en_US/jobs/SearchJobs,,Mumbai,loreal.com,,knowledge
Danone,https://danone.wd3.myworkdayjobs.com/Danone_Careers,workday,Mumbai,danone.com,,knowledge
Danone,https://careers.danone.com/,,Mumbai,danone.com,,knowledge
IKEA / Ingka,https://jobs.ikea.com/,,Gurugram,ikea.com,,knowledge
LEGO Group,https://lego.wd3.myworkdayjobs.com/LEGO_External,workday,,lego.com,,knowledge
LEGO Group,https://www.lego.com/en-us/careers,,,lego.com,,knowledge
Vestas,https://careers.vestas.com/search/,successfactors,Chennai,vestas.com,,knowledge
Danfoss,https://jobs.danfoss.com/search/,successfactors,Chennai,danfoss.com,,knowledge
Grundfos,https://www.grundfos.com/careers,,Chennai,grundfos.com,,knowledge
Atlas Copco,https://www.atlascopcogroup.com/en/careers,,Pune,atlascopcogroup.com,,knowledge
Sandvik,https://www.home.sandvik/en/careers/,,Pune,sandvik.com,,knowledge
SKF,https://careers.skf.com/search/,successfactors,Bengaluru,skf.com,,knowledge
Alfa Laval,https://www.alfalaval.com/careers/,,Pune,alfalaval.com,,knowledge
KONE,https://careers.kone.com/search/,successfactors,Chennai,kone.com,,knowledge
Wärtsilä,https://jobs.wartsila.com/search/,successfactors,Navi Mumbai,wartsila.com,,knowledge
Merck KGaA,https://www.merckgroup.com/en/careers.html,,Bengaluru,merckgroup.com,,knowledge
Fresenius,https://karriere.fresenius.de/en,,Bengaluru,fresenius.com,,knowledge
Springer Nature,https://springernature.wd3.myworkdayjobs.com/SNJobs,workday,Pune,springernature.com,,knowledge
Springer Nature,https://careers.springernature.com/,,Pune,springernature.com,,knowledge
Roland Berger,https://www.rolandberger.com/en/Careers/,,Mumbai,rolandberger.com,,knowledge
Allianz Trade / Allianz,https://careers.allianz.com/,,Gurugram,allianz.com,,knowledge
British Airways / IAG,https://careers.ba.com/,,Gurugram,ba.com,,knowledge
Air France-KLM,https://recrutement.airfrance.com/,,Delhi,airfrance.com,,knowledge
SYSTRA,https://www.systra.com/careers/,,Noida,systra.com,,knowledge
Compass Group,https://www.compass-group.com/en/careers.html,,Gurugram,compass-group.com,,knowledge
ISS A/S,https://www.issworld.com/en/careers,,Gurugram,issworld.com,,knowledge
Pirelli,https://corporate.pirelli.com/corporate/en-ww/careers,,Pune,pirelli.com,,knowledge
Oriflame,https://corporate.oriflame.com/careers,,Noida,oriflame.com,,knowledge
HBX Group / Hotelbeds,https://www.hbxgroup.com/careers,,Gurugram,hbxgroup.com,,knowledge
Atos,https://jobs.atos.net/,,Gurugram,atos.net,,knowledge
Capita,https://www.capita.com/careers,,Mumbai,capita.com,,knowledge
Computacenter,https://www.computacenter.com/careers,,Bengaluru,computacenter.com,,knowledge
Colt Technology Services,https://colt.wd3.myworkdayjobs.com/Colt_Careers,workday,Gurugram,colt.net,,knowledge
Colt Technology Services,https://www.colt.net/careers/,,Gurugram,colt.net,,knowledge
Dachser,https://www.dachser.com/en/careers,,Gurugram,dachser.com,,knowledge
DNV,https://ecyq.fa.em2.oraclecloud.com/hcmUI/CandidateExperience/en/sites/CX_1/jobs,oracle_hcm,Pune,dnv.com,,research
DNV,https://dnv.wd3.myworkdayjobs.com/DNV_Careers,workday,Pune,dnv.com,,knowledge
DNV,https://www.dnv.com/careers/,,Pune,dnv.com,,knowledge
American Express,https://egug.fa.us2.oraclecloud.com/hcmUI/CandidateExperience/en/sites/CX_1/jobs,oracle_hcm,Gurugram,americanexpress.com,careers.americanexpress.com is a CNAME-less skin of this Oracle tenant,research
Standard Chartered,https://jobs.standardchartered.com/search/,successfactors,Gurugram,sc.com,SuccessFactors Unify (client-rendered; POST /services/recruiting/v1/jobs),research
Cisco,https://careers.cisco.com/global/en/search-results,phenom,Gurugram,cisco.com,jobs.cisco.com/jobs/SearchJobs now redirects to the Phenom site,research
Hewlett Packard Enterprise,https://careers.hpe.com/us/en/search-results,phenom,Gurugram,hpe.com,Phenom; also lists Juniper Networks roles since the 2025 acquisition,research
Mace,https://careers.macegroup.com/gb/en/search-results,phenom,Gurugram,macegroup.com,Workday tenant retired; Phenom site,research
Hyatt,https://careers.hyatt.com/en-US/careers/SearchJobs,html,Gurugram,hyatt.com,Avature shell is a JS stub to httpx — browser lane,research
MSC,https://www.msc.com/en/careers/job-search,html,Gurugram,msc.com,SmartRecruiters company id retired; msc.com answers 403 to httpx,research
NetApp,https://jobs.netapp.com/search/,successfactors,Gurugram,netapp.com,jobs.netapp.com/search-jobs URL shape misdetects as Radancy; the site is SuccessFactors classic,research
Pearson,https://hccz.fa.em3.oraclecloud.com/hcmUI/CandidateExperience/en/sites/CX_2/jobs,oracle_hcm,Noida,pearson.com,pearson.jobs is a DirectEmployers microsite pointing at this Oracle tenant,research
Mott MacDonald,https://careers.mottmac.com/,html,Noida,mottmac.com,old registry URL had a missing slash; careers.mottmac.com answers 403 to httpx (Akamai) — browser lane,research
Dell Technologies,https://jobs.dell.com/search-jobs,html,Gurugram,dell.com,Radancy but Akamai-fronted (403 to httpx) — browser lane,research
Unisys,https://www.unisys.com/careers/,html,Gurugram,unisys.com,careers.unisys.com (Phenom) no longer resolves; unisys.com is Akamai-walled to httpx — browser lane,research
Teleperformance / TP,https://www.tp.com/en-us/careers/job-opportunities/,html,Gurugram,tp.com,jobs.teleperformance.com no longer resolves; TP lists per-country ATSes from this page — browser lane,research
TMF Group,https://tmf.avature.net/careersmarketplace/SearchJobs,avature,Gurugram,tmf-group.com,careers.tmf-group.com no longer resolves; Avature tenant at tmf.avature.net/careersmarketplace,research
